{
  "loop_generator": {
    "x": [
      1,
      10,
      100,
      1000,
      10000,
      100000,
      1000000
    ],
    "y": [
      1.6249996406259015e-06,
      9.99999429041054e-07,
      6.000000212225132e-06,
      5.47500003449386e-05,
      0.00046758299959037686,
      0.0046028749993638485,
      0.05148966599972482
    ]
  },
  "loop_list": {
    "x": [
      1,
      10,
      100,
      1000,
      10000,
      100000,
      1000000
    ],
    "y": [
      2.9875000109313987e-05,
      8.21249996079132e-05,
      0.0007779999996273546,
      0.006610125000406697,
      0.06202229199971043,
      0.5610890419993666,
      5.7806489579998015
    ]
  },
  "map": {
    "x": [
      1,
      10,
      100,
      1000,
      10000,
      100000,
      1000000
    ],
    "y": [
      1.8750006347545423e-06,
      1.8749997252598405e-06,
      9.749999662744813e-06,
      9.945800047717057e-05,
      0.000811124999927415,
      0.007870249999541556,
      0.10307291600020108
    ]
  },
  "list_comprehension": {
    "x": [
      1,
      10,
      100,
      1000,
      10000,
      100000,
      1000000
    ],
    "y": [
      1.0666999514796771e-05,
      0.00012125000012019882,
      0.0006385839997165021,
      0.006110665999585763,
      0.052881290999721386,
      0.5313473749993136,
      5.366658083999937
    ]
  },
  "generator": {
    "x": [
      1,
      10,
      100,
      1000,
      10000,
      100000,
      1000000
    ],
    "y": [
      1.4170000213198364e-06,
      2.54199949267786e-06,
      1.5208999684546143e-05,
      0.0001373329996567918,
      0.0012262500003998866,
      0.012174624999715888,
      0.12040979199991853
    ]
  }
}